Mean,median,var,std.p,skew,kurtosis,traget
0.073487968,0,0.023043529,0.151800951,4.156305013,20.11897241,1
0.062357219,0.0278,0.019132322,0.138319637,4.80078991,25.83713617,1
0.228475936,0.307,0.053057918,0.230343044,0.501472728,-0.364916683,1
0.119242995,0.125,0.019256471,0.138767688,3.100685905,15.30542948,0
0.182700535,0.207,0.029005115,0.170308881,1.467952119,5.296108366,1
0.103386684,0.103,0.019199085,0.138560762,3.651573666,19.48883364,1
0.075064171,0.0642,0.017326643,0.131630706,4.506047244,24.34863535,1
0.27378984,0.321,0.040893357,0.202221059,0.534746324,1.333461429,0
0.119074492,0.0952,0.02395403,0.154770894,3.067221592,12.91620411,1
0.161662032,0.161,0.026131414,0.16165214,2.711316193,10.69796181,1
0.15908877,0.139,0.038782217,0.196932011,1.923954448,4.392830958,0
0.316937433,0.421,0.063837805,0.252661443,-0.028880681,-1.009256419,1
0.052580749,0,0.024705293,0.157179174,4.598562502,22.13017801,1
0.117840107,0,0.028521383,0.168882748,2.333424412,7.566066054,0
0.142359893,0.0838,0.045232071,0.212678327,2.391649384,5.722316488,1
0.081533636,0.054,0.017679829,0.13296552,4.989087054,28.84123783,0
0.08560107,0.0591,0.025165257,0.158635611,4.210021172,19.42463648,1
0.084674332,0.0605,0.018128241,0.134641155,4.555235844,25.23027761,0
0.269072193,0.303,0.041746755,0.204320227,0.530471957,0.759551983,1
0.111125134,0.0862,0.02776263,0.166621218,3.265934166,13.05779536,0
0.212705882,0.191,0.019601334,0.140004764,2.376882418,10.69114747,1
0.13652246,0,0.035807825,0.189229555,1.756439234,4.570751336,1
0.122309626,0.102,0.025850198,0.160779968,3.052396775,12.20446479,1
0.081173262,0,0.032904571,0.18139617,3.041642667,9.962895832,1
0.211447059,0.271,0.039530241,0.198822134,0.734339272,1.067969564,1
0.096182888,0.0696,0.018381765,0.135579367,4.329167751,22.65763361,0
0.253002139,0.283,0.038506612,0.196231017,0.520979514,0.871424073,0
0.269682888,0.334,0.048920399,0.221179564,0.433048091,0.294604676,0
0.089258289,0.0618,0.018901565,0.137482961,3.905872071,21.73931635,1
0.166637433,0.133,0.02465913,0.157032256,2.57266716,9.624415724,0
0.107331497,0.0798,0.025950643,0.161092032,3.548135192,14.48278641,1
0.099973797,0.0687,0.021940768,0.148124164,3.911117838,18.25631865,1
0.307975455,0,0.107203312,0.327419168,0.263582269,-1.637183043,1
0.06406738,0.0337,0.018302471,0.135286624,4.888479632,27.80804091,1
0.221394545,0.227,0.026800753,0.163709354,1.222378162,3.790890806,1
0.176740642,0,0.049524316,0.222540595,0.980729103,0.440262775,1
0.078126952,0,0.02139552,0.146272074,3.410159966,15.7161093,1
0.10552754,0,0.028877544,0.169933939,2.342149601,7.300965301,1
0.078994118,0.0543,0.022739082,0.150794833,4.453536596,21.81663299,1
0.100872193,0.0528,0.02426002,0.155756285,3.203110587,13.53937638,0
0.101831551,0.0932,0.02272564,0.150750256,3.608549691,16.07406664,0
0.191956684,0.188,0.035266537,0.187793869,1.398919186,2.929647102,1
0.065949679,0.00369,0.018312749,0.135324604,4.619995817,25.74805687,1
0.28188984,0.389,0.047009858,0.216817569,-0.0161409,-0.38856453,1
0.224112834,0.26,0.048856706,0.221035531,0.333986754,-0.956665267,1
0.195556684,0.142,0.028223544,0.167998644,2.230689217,6.741239361,1
0.177015508,0.248,0.032301606,0.179726476,0.905848208,2.216462885,1
0.093917112,0.0763,0.020027111,0.141517174,3.97116963,19.90783263,0
0.20211123,0.244,0.034748622,0.186409823,0.925905412,2.103688119,0
0.246262567,0.171,0.070924988,0.266317457,0.56290974,-0.782170307,1
0.139413904,0.101,0.030592871,0.174908178,3.14468104,11.26128769,0
0.16458984,0.21,0.026397773,0.162473914,1.578996182,6.187518534,0
0.118226738,0.115,0.022599304,0.15033065,2.964936478,12.76074425,1
0.210209091,0.278,0.044105231,0.210012455,0.935046902,1.299406601,1
0.162614439,0.161,0.027318278,0.16528242,1.016580621,2.27548299,1
0.057480588,0.02,0.01791485,0.133846368,4.970396718,27.85770261,1
0.172259893,0.158,0.028749395,0.169556465,2.255368752,7.563554287,0
0.269304278,0,0.114450941,0.338305987,0.585629543,-1.425981408,1
0.117997861,0.117,0.020129516,0.141878524,3.132611095,15.42012299,1
0.123304278,0.128,0.017447324,0.13208832,3.856412017,22.05640997,0
0.093774278,0.0771,0.017333569,0.131657011,4.367857438,24.2172934,0
0.065335294,0.0214,0.022090882,0.148630018,4.492523528,22.02573733,1
0.170925134,0.205,0.024336636,0.156002039,1.70273024,7.142319114,0
0.082814439,0,0.024973562,0.158030257,3.778929155,16.93971665,1
0.113936898,0.117,0.016537755,0.128599204,3.861905023,22.56838025,1
0.24583107,0.335,0.054214793,0.232840703,0.34770752,-0.666907109,1
0.11231131,0.106,0.020391489,0.142798772,3.72733851,18.80451036,1
0.1955,0.2,0.021663383,0.14718486,2.02938137,9.339380951,1
0.100206118,0.0267,0.02423633,0.155680216,3.00185181,11.71369013,1
0.376871658,0.494,0.117718743,0.343101651,-0.050319049,-1.779047431,1
0.08980107,0.067,0.026392779,0.162458544,3.852367212,16.78226094,0
0.167880214,0.204,0.026277593,0.162103649,1.814428721,6.982597919,0
0.198588503,0,0.083258813,0.288546033,1.182366867,0.157022713,1
0.089088128,0.0464,0.022268119,0.149225061,3.73869555,17.56489551,1
0.252391444,0.217,0.059290769,0.243496959,0.662408226,-0.473776606,1
0.102872032,0.0941,0.01674609,0.129406684,3.818806863,20.9167462,0
0.108859893,0.101,0.019795059,0.140694913,3.202525168,15.35828792,1
0.196888235,0.193,0.032330285,0.179806242,1.497115126,3.718515383,1
0.119379679,0.0875,0.023141054,0.152121838,2.776690971,12.02745287,1
0.189434545,0.201,0.036614201,0.191348376,1.572465461,3.758337161,1
0.197445455,0.237,0.032658996,0.180718,1.0260506,2.718202922,0
0.134938503,0.156,0.022177094,0.148919756,2.772826056,12.242446,1
0.150166845,0.174,0.019705331,0.140375679,1.948326013,9.702005068,1
0.123806417,0.118,0.020228877,0.142228258,3.653994744,18.11574303,1
0.130337433,0.15,0.016478971,0.128370443,3.436717438,20.52480432,1
0.095959358,0.0997,0.018229784,0.135017717,3.901930344,21.83605151,1
0.336862567,0.404,0.041140821,0.202832002,-0.482195734,0.102567286,1
0.149358289,0.179,0.023909738,0.15462774,2.204435771,9.160768657,0
0.272006417,0,0.113674872,0.337157043,0.549015963,-1.487962999,1
0.152007487,0.138,0.024142219,0.155377667,3.072314197,13.01495522,0
0.195809465,0.211,0.034443762,0.185590306,0.83625385,1.647098925,1
0.112372193,0.13,0.020658765,0.143731573,2.910989862,14.54832376,1
0.114291016,0.122,0.01967061,0.140251952,3.537310297,18.30239237,1
0.073525668,0.0436,0.018228107,0.135011507,4.625697082,25.00706521,0
0.306262567,0,0.121946843,0.349208882,0.377240918,-1.683942189,1
0.081342995,0.0556,0.026402531,0.162488557,4.124595929,18.52321151,0
0.237003209,0.259,0.05331191,0.23089372,0.758106947,0.469504791,1
0.10208984,0.0821,0.022002219,0.148331449,3.611576933,16.95683377,1
0.21354492,0.281,0.046459373,0.215544364,0.449133695,-0.473949285,1
0.255446524,0.276,0.062610356,0.250220615,0.346247496,-1.014446565,1
0.094322246,0.0575,0.024015368,0.154968927,3.495959392,14.55696726,1
0.303858824,0.361,0.051305825,0.226507891,0.174902194,-0.136204504,0
0.102421925,0,0.030438609,0.174466641,2.900090927,10.23589059,1
0.126037861,0.0416,0.032292905,0.179702267,2.316038687,6.871429076,1
0.145457754,0.121,0.022881392,0.151265965,3.544503106,15.8390673,0
0.163544599,0.134,0.021799817,0.147647612,3.318151354,14.896303,0
0.161917647,0.161,0.02519968,0.15874407,2.34119579,9.838769523,1
0.265671658,0.311,0.040555826,0.20138477,0.447314551,0.754947961,1
0.069721925,0,0.01977145,0.140610988,4.039113869,21.01193835,1
0.101727807,0,0.027978374,0.167267373,2.765504828,10.38558301,1
0.078315508,0.0488,0.025075153,0.158351359,4.417654638,20.87356158,1
0.13542246,0.151,0.022774721,0.150912957,2.764394331,12.86407438,0
0.267442246,0.403,0.0586144,0.242104109,0.076900947,-1.137137188,1
0.166977701,0.191,0.028639964,0.16923346,1.45484611,4.67379872,0
0.112757754,0.122,0.021218213,0.145664728,3.047890683,14.9887349,1
0.205903706,0.19,0.021792885,0.147624135,2.280992433,9.31219091,1
0.141008556,0.112,0.02422631,0.155648033,2.550305633,9.765363009,1
0.310791444,0,0.111926646,0.3345544,0.279950052,-1.645726276,1
0.118591444,0.08,0.020449681,0.14300238,2.686976686,11.27463488,0
0.150540481,0.135,0.022882562,0.151269833,3.042004949,12.904509,0
0.108018717,0.0986,0.017551076,0.132480475,4.092761054,22.52235277,1
0.315452941,0.379,0.039518601,0.198792859,-0.0599347,1.040180944,1
0.16997861,0,0.079106609,0.281258972,1.307976049,0.261440557,1
0.076819251,0.0558,0.0181995,0.134905524,4.819207981,26.16055488,1
0.060449679,0,0.017906536,0.133815305,4.605090593,26.16621944,1
0.110368449,0.101,0.019503823,0.139656087,3.500689635,16.96116833,0
0.242875401,0,0.096913899,0.311309973,0.787581355,-0.779745703,1
0.186517647,0.179,0.026165435,0.161757334,2.196096418,8.559277884,0
0.322402139,0.381,0.04133304,0.203305287,-0.263000758,0.131276819,1
0.171715508,0.229,0.033314216,0.182521822,1.117786741,2.767249402,0
0.470920481,0.522,0.03128366,0.176871874,-1.623012754,3.15039415,1
0.114602139,0.0883,0.028185018,0.167883942,2.852204886,10.9838118,1
0.097152567,0.0308,0.023316549,0.152697572,2.750934885,10.65067049,1
0.150486898,0.149,0.025673929,0.160230861,2.785981237,11.00901823,1
0.124257219,0.128,0.024011803,0.154957424,2.462905171,10.13403865,1
0.146245989,0.115,0.027793649,0.166714275,3.024638204,12.04089693,0
0.109260963,0.0882,0.017446674,0.132085859,4.151429943,22.45255156,0
0.173136898,0.204,0.026678451,0.163335394,1.726492436,6.284395999,1
0.211979144,0,0.105050756,0.324115343,1.033556541,-0.660066207,1
0.118309626,0.0996,0.02402762,0.155008453,2.907909699,12.21486304,1
0.132211765,0.144,0.022259534,0.149196292,2.851126816,12.67958635,1
0.172487701,0.18,0.027220393,0.164986039,2.072473035,7.293713693,0
0.203313048,0.248,0.034698207,0.186274549,0.999485526,2.477237535,1
0.183827807,0.221,0.032523717,0.18034333,1.073113529,2.62414298,0
0.11227861,0.103,0.025073912,0.158347439,2.823366751,11.23969782,1
0.256695187,0.268,0.02491655,0.157849771,1.119629302,5.366660161,1
0.129066845,0.119,0.021858099,0.147844847,3.201828718,14.45235904,0
0.111995722,0,0.032760081,0.180997461,2.682347841,9.099174004,1
0.349204278,0,0.147977268,0.384678136,0.273595681,-1.818060221,1
0.122704278,0.129,0.023043605,0.151801203,3.620059496,17.32114048,1
0.095862567,0.0532,0.023031354,0.151760845,3.365230494,14.06674814,1
0.062611283,0.0437,0.018781908,0.1370471,5.120228163,28.60997913,1
0.133269358,0.0967,0.022343411,0.149477127,3.469605767,14.78674133,0
0.163044064,0.151,0.022598958,0.1503295,3.221320499,14.87164291,0
0.096711241,0.0657,0.02065932,0.143733504,3.421937699,15.89615359,1
0.101243957,0.0621,0.028368236,0.168428726,3.60126335,14.42903511,1
0.105860963,0,0.020910302,0.144603947,2.792253786,13.21026671,1
0.128395722,0,0.029712228,0.172372354,2.114335509,6.908074273,1
0.110629947,0.0597,0.029234181,0.17098006,2.806756823,9.593034419,1
0.15266139,0.195,0.029116844,0.170636584,1.528658406,4.958795768,0
0.216626203,0.275,0.043420306,0.208375398,0.939409308,1.690800424,1
0.152258824,0.18,0.023468372,0.153193904,2.206316552,9.561633214,0
0.121095722,0,0.032533388,0.180370141,2.340374983,7.662999802,1
0.144685561,0.176,0.023789661,0.154238973,2.250763853,9.703539322,0
0.188314973,0.198,0.043290494,0.208063679,1.034881061,1.124003283,1
0.150150267,0.21,0.026526577,0.162869815,1.518453007,5.25755554,1
0.085509144,0.0385,0.024223408,0.15563871,4.053609181,19.61963205,1
0.245151337,0.315,0.042319436,0.205716884,0.53547239,1.01133379,1
0.183915241,0.233,0.038803106,0.196985041,1.000379667,1.580489011,1
0.099689733,0.0927,0.018207034,0.134933443,3.764420343,19.62489399,1
0.182127807,0.176,0.032199306,0.17944165,1.518606885,3.68610853,1
0.110076471,0.102,0.02196395,0.148202396,3.377107177,15.48204568,1
0.377767914,0.422,0.040125412,0.200313286,-0.501385279,1.033437203,0
0.23542246,0,0.102092191,0.319518686,0.765298978,-1.09703919,1
0.076047888,0.0485,0.017734832,0.13317219,4.354608009,23.51309644,1
0.116215775,0.101,0.024032858,0.155025346,3.293788805,14.06956576,0
0.19025615,0.183,0.035452055,0.188287162,1.558215772,3.638846839,1
0.33304492,0.423,0.063799832,0.252586286,-0.035755111,-0.698094238,0
0.122930481,0.113,0.029860617,0.172802249,2.822209194,10.37845641,0
0.076558289,0,0.025941224,0.161062795,3.987223033,18.00289245,0
0.213658289,0,0.061511189,0.248014494,0.6618346,-0.532332793,1
0.10633369,0.103,0.021007425,0.144939385,3.10205551,14.55338293,0
0.26474492,0.311,0.032393627,0.179982297,0.493618938,2.478935416,1
0.559089305,0.612,0.037174293,0.192806362,-2.173104005,3.989341651,1
0.072352406,0.0513,0.016358937,0.127902062,5.260206852,31.87683173,0
0.074657219,0.0441,0.019342559,0.139077529,4.322095445,22.28359198,0
0.068095561,0.00685,0.019920894,0.141141398,4.101541968,20.43340037,1
0.231823529,0.282,0.032044894,0.179010877,0.656956854,2.057721384,0
0.187006417,0.173,0.05007649,0.223777769,1.472002689,2.412025781,1
0.115280535,0.00116,0.022740095,0.150798194,2.334985004,9.715999509,1
0.104836364,0.0993,0.01896925,0.137728899,3.553728718,18.26075167,0
0.262302674,0.341,0.046322265,0.21522608,0.276081998,0.062986923,1
0.245417647,0.344,0.054865538,0.234233938,0.320321267,-0.732734651,1
0.107360963,0.0758,0.023603923,0.153635683,3.503081225,14.9122613,0
0.073631925,0.0548,0.016366596,0.127931997,4.878064433,27.93580187,1
0.383946524,0.421,0.04010604,0.200264924,-0.474532351,1.073761347,0
0.207931016,0.2,0.030791659,0.175475524,1.50409891,4.138140007,0
0.269572727,0.306,0.071073544,0.266596219,0.225023883,-1.453269274,1
0.1663,0.0531,0.05643316,0.237556647,1.781974924,2.722986186,1
0.082732086,0.0678,0.019435394,0.139410882,4.61680141,24.10155047,1
0.217308556,0.248,0.05050694,0.224737492,0.893714443,0.594771234,1
0.199737968,0.288,0.044928279,0.211962919,1.001686438,1.678717437,1
0.125459358,0.0619,0.024524704,0.156603653,1.995811719,7.591472968,1
0.164948663,0.178,0.028974851,0.170220008,1.465562482,4.537403531,0
0.3499,0.376,0.050771784,0.225325951,0.160979713,0.445400674,0
0.115658824,0.105,0.023642531,0.153761279,2.960481218,12.21895279,1
0.238659893,0.252,0.040836199,0.202079685,0.822711574,1.403819595,0
0.190941711,0.173,0.027861231,0.16691684,1.74986447,4.866504026,1
0.344663102,0.363,0.121387582,0.348407207,0.141527176,-1.773851827,1
0.203244385,0.195,0.02037492,0.142740745,2.35866112,9.764753172,1
0.314850267,0.399,0.091857917,0.30308071,0.138485713,-1.567152209,1
0.359458128,0.396,0.038313718,0.195738903,-0.331673465,1.357603221,0
0.115633369,0.073,0.025886353,0.160892365,3.088400799,11.48480092,1
0.323429947,0.439,0.110824335,0.332902892,0.292379051,-1.460622784,1
0.120444385,0.101,0.025089667,0.158397181,3.290858057,14.22009718,0
0.268031551,0.364,0.05881607,0.242520247,0.20464297,-0.934198996,1
0.351961497,0.409,0.051616473,0.22719259,-0.175982393,-0.398167891,1
0.388329412,0.446,0.040240844,0.200601207,-0.717837183,0.925251878,0
0.094470182,0.0634,0.020987884,0.144871957,3.248775004,14.73346388,1
0.202048128,0.26,0.047476538,0.217891115,0.794036624,0.693352074,1
0.164658824,0.139,0.027015182,0.164362957,2.876048527,10.81381583,0
0.112227807,0.0815,0.027960292,0.167213313,3.056420645,11.44051659,0
0.101951337,0.0801,0.022286221,0.149285704,4.206618996,20.83066961,0
0.210726203,0.283,0.039136149,0.197828584,0.793641195,1.650134276,1
0.116619251,0.112,0.021062916,0.145130687,2.92502821,13.03395922,0
0.498187166,0.574,0.039722726,0.199305609,-1.6259346,2.073251285,1
0.161013102,0.18,0.026159049,0.161737594,1.181439605,3.995812077,1
0.097939572,0.0846,0.018689618,0.136709977,4.268401688,23.2401927,0
0.249290011,0.281,0.028754729,0.169572194,1.097967245,4.232258363,1
0.326776471,0.371,0.04728581,0.217453007,0.001242925,-0.060314437,1
0.142882888,0.128,0.031863594,0.178503766,2.158000299,7.107245647,1
0.149662567,0.138,0.03052062,0.174701517,3.13858004,11.01399747,1
0.154924118,0.173,0.02149535,0.146612926,2.388406836,11.24868935,0
0.177374866,0.159,0.040756425,0.201882206,1.943789716,4.693032217,1
0.186882353,0,0.079909494,0.282682674,1.123375223,-0.12329808,1
0.151137433,0.142,0.024605615,0.156861772,2.774097158,11.52915382,0
0.204454545,0.265,0.048571724,0.220389936,0.836580074,0.847503304,1
0.111761497,0.0962,0.018905052,0.137495644,3.577502593,18.46136076,0
0.240837433,0.258,0.02499657,0.158103037,1.142215335,5.988769489,1
0.29281123,0.369,0.074040084,0.272103075,0.280041202,-1.053066334,1
0.077197326,0.0851,0.012337963,0.111076383,5.050653554,38.27854533,1
0.183250802,0.173,0.024543571,0.156663879,1.506824366,4.837091008,1
0.372331551,0.376,0.129439992,0.359777698,0.044076198,-1.853962826,1
0.265016578,0.366,0.052273989,0.228635057,0.170872885,-0.553147564,1
0.379471658,0.431,0.06978985,0.264177687,-0.15375988,-0.840806494,0
0.226229412,0.227,0.029952483,0.173067858,1.14957703,3.545604451,0
0.160867914,0.122,0.024939419,0.157922193,2.419399393,8.810633736,0
0.187040642,0.229,0.036465315,0.190958934,1.018718269,1.946051662,0
0.166135348,0.201,0.027088602,0.164586154,1.491837836,5.481595504,0
0.316435829,0.304,0.037862154,0.194581998,0.537937165,1.272341584,0
0.237973262,0.271,0.058944254,0.242784377,0.394552301,-0.985657286,1
0.089796631,0.0355,0.024914105,0.157842026,3.86706117,17.80120943,1
0.222354545,0.244,0.021550208,0.146799893,1.611588556,8.343036986,1
0.102117647,0.109,0.019434703,0.139408403,3.156165171,15.82720134,1
0.10060107,0.0794,0.019426954,0.139380608,4.397609689,23.11184707,0
0.204643316,0.218,0.021234863,0.145721869,1.222829003,6.236733824,0
0.249254545,0.284,0.042293408,0.205653612,0.628670671,1.047436327,0
0.248669519,0.254,0.032596516,0.180545053,0.843829389,2.751748982,0
0.185927273,0.221,0.036313441,0.190560859,1.041205708,1.934259353,0
0.163804813,0.201,0.026661557,0.16328367,1.865798223,7.074670859,0
0.12263369,0.0823,0.028288073,0.168190585,2.591092469,8.657401621,0
0.089490909,0.0698,0.019180588,0.138494001,3.791888222,20.01284915,1
0.091994118,0.0792,0.018133544,0.134660847,3.847292174,21.89324793,1
0.17184492,0.0887,0.052067686,0.228183448,1.567307756,2.088619749,1
0.21681016,0.203,0.021250098,0.145774134,2.097508184,8.769666717,1
0.199752032,0.178,0.01952045,0.139715605,2.498833516,11.14333869,0
0.179374866,0.195,0.01910068,0.138205212,2.58752494,13.96641366,1
0.157485561,0.155,0.024038467,0.155043435,1.606174491,5.449971203,1
0.088962567,0.0818,0.020037736,0.141554712,3.904475866,19.00698265,1
0.078201283,0.0337,0.026762177,0.163591496,4.086435268,17.59865631,1
0.105070053,0,0.028721292,0.169473574,3.261258854,13.281858,1
0.219848663,0,0.065176074,0.255296051,0.589827655,-0.915427449,1
0.182420321,0.18,0.023817285,0.154328498,2.52879397,11.01059255,0
0.197806952,0.291,0.039998441,0.199996102,0.572090092,0.29881898,0
0.138884439,0.143,0.02014574,0.14193569,2.553596534,12.77142423,1
0.068179053,0.0308,0.025098716,0.158425743,4.521659978,21.53581947,1
0.174314545,0.0765,0.060233811,0.245425775,1.821494301,2.918292457,1
0.174850802,0.174,0.035585615,0.188641498,1.313623505,3.021745917,1
0.208064171,0.208,0.040561887,0.201399818,1.404048873,2.859819086,1
0.101229198,0.0508,0.024042715,0.155057135,3.364397733,14.40037597,1
0.178383422,0.203,0.028333278,0.168324918,1.558564641,5.324225447,1
0.285617647,0.442,0.063993823,0.252970004,0.008925013,-1.261920581,1
0.22598984,0.321,0.052902388,0.230005191,0.403913325,-0.66600042,1
0.202502674,0.284,0.047036539,0.216879088,0.790535171,0.6730987,1
0.170639037,0.175,0.033832564,0.183936305,1.425952386,3.615777154,1
0.225453476,0.253,0.032358591,0.17988494,0.693099262,1.91973585,1
0.221402246,0.284,0.043639243,0.208900079,0.307444691,-0.650224437,1
0.092835829,0.0986,0.017091455,0.13073429,4.241216142,25.17561525,1
0.117321925,0.0536,0.041829658,0.204523002,2.90114972,8.439424336,1
0.129606952,0.0521,0.025028379,0.1582036,1.769192089,6.154809112,1
0.170832086,0.195,0.033844449,0.183968608,1.697769698,5.319818488,1
0.165598396,0.17,0.032616964,0.180601673,2.336745937,7.726350249,1
0.171036898,0.141,0.029089045,0.170555107,2.648679494,9.438449174,1
0.111414439,0.0906,0.022930464,0.151428082,3.35439143,14.13455748,0
0.081859358,0.0503,0.020671157,0.143774675,4.533116554,23.3106107,1
0.072802674,0.0538,0.019084378,0.138146219,4.794097501,26.05791747,1
0.081650053,0.0436,0.020500277,0.143179178,4.112957498,20.31149342,1
0.206009626,0,0.054924749,0.234360297,0.736794059,-0.235246763,0
0.108077005,0.0754,0.02798592,0.167289929,3.311062887,13.14153322,0
0.092872727,0.0588,0.023261529,0.152517308,3.535079649,15.65964284,0
0.106272406,0.0813,0.019831559,0.140824569,3.956819453,19.1618662,0
0.070467535,0.0499,0.016481446,0.128380084,5.154588746,31.41666128,0
0.119225668,0.116,0.02502926,0.158206385,3.179242355,13.26264331,0
0.434948449,0.621,0.111214879,0.333488949,-0.407675989,-1.569524391,1
0.11440107,0,0.025730022,0.160405805,2.50199541,9.723338119,1
0.333708182,0.372,0.051549045,0.227044147,0.079928051,0.053458768,0
0.114916043,0,0.027332511,0.16532547,2.50490028,8.909679068,0
0.171015134,0.163,0.032317588,0.179770932,1.765230401,4.406130203,1
0.145265936,0.128,0.021626638,0.147059983,3.558008994,17.10264182,0
0.343359947,0.429,0.074095565,0.272205005,-0.094203303,-1.179772386,1
0.114948021,0.095,0.022750005,0.150831048,3.193720245,14.31903448,0
0.255078075,0.275,0.032112915,0.179200768,0.718909031,2.495681264,0
0.154836578,0.128,0.026735267,0.163509225,2.662003077,10.0791924,0
0.110832086,0.0905,0.018319079,0.135347992,3.987110835,20.7329972,0
0.103816578,0,0.041901577,0.204698748,2.330537337,5.471096355,1
0.06922593,0.0362,0.024512983,0.156566224,4.86495251,24.2670277,1
0.11059893,0.0921,0.024080467,0.155178823,3.21463161,15.08688988,1
0.139549733,0.177,0.025189074,0.158710663,2.226732609,8.569878013,0
0.094880214,0.101,0.012878388,0.113482984,4.03167731,26.668482,0
0.237912299,0.322,0.054214164,0.232839353,0.350876534,-0.755625049,1
0.153712299,0.135,0.037982672,0.194891436,2.295046973,6.585976376,1
0.138203209,0,0.045792579,0.213992007,1.343703209,1.098352364,1
0.22584385,0.275,0.0238758,0.154517961,1.046892107,6.065436163,0
0.192414973,0.224,0.034563927,0.185913762,1.020986325,2.26677419,0
0.097051979,0.0649,0.025349438,0.159215067,3.70482104,15.24291832,1
0.099206952,0.0867,0.01754331,0.132451161,4.186058696,23.54778934,0
0.066421754,0.00499,0.019965254,0.141298457,4.543728076,23.7108142,1
0.12335893,0.0995,0.023776219,0.154195392,2.599093951,10.77264049,1
0.231954545,0.263,0.031106855,0.176371355,0.940351431,3.344717992,0
0.127888235,0.151,0.023591837,0.153596345,2.369610912,9.811780681,1
0.085497914,0,0.038233088,0.195532832,3.444137309,11.74316624,1
0.105102139,0.0624,0.02862133,0.169178396,3.377508905,13.61774148,1
0.113729947,0.121,0.022172093,0.148902965,2.851375052,12.61619355,1
0.166009626,0.158,0.024205623,0.155581564,2.607109051,10.82763117,0
0.147231016,0.187,0.025353002,0.159226262,2.04596222,8.151209373,0
0.227042299,0.249,0.032851472,0.181249749,1.118718692,3.120684753,0
0.08726738,0,0.029339957,0.171289103,3.512325728,14.00272109,1
0.205756684,0.241,0.044194012,0.210223719,0.918613786,0.895552862,1
0.159560963,0.0442,0.043625914,0.208868174,1.608458762,3.251342911,1
0.219379144,0.247,0.028129417,0.167718268,0.472690102,1.107005669,1
0.134152406,0.154,0.027719354,0.166491304,2.671365705,10.55724837,0
0.093511765,0.0822,0.017751256,0.133233841,3.828577783,20.54396916,1
0.169573797,0.201,0.026477357,0.162718643,1.6910712,6.590210245,1
0.357162032,0.524,0.115734242,0.340197357,0.074850917,-1.658958572,1
0.205968984,0.213,0.019171841,0.138462417,1.957242072,10.35371116,1
0.107627807,0.0814,0.024791153,0.157452066,3.269700815,13.59159227,1
0.141272727,0,0.061032209,0.247046977,1.698408881,2.00844424,1
0.261915508,0.0506,0.07883532,0.280776281,0.437436181,-1.100259821,1
0.359986096,0.47,0.107207621,0.327425749,-0.048649998,-1.763392859,1
0.188325668,0.27,0.041771319,0.204380328,1.171762708,2.471362996,1
0.079575936,0,0.02797819,0.167266823,3.112707278,11.51119151,1
0.239942781,0.312,0.04909539,0.221574796,0.331749495,-0.558232108,1
0.063452834,0.0298,0.022468568,0.14989519,4.8978301,25.00060742,1
0.159206364,0.167,0.019000428,0.13784204,3.253053916,17.04057119,1
0.22867861,0.272,0.039841522,0.199603411,0.718899248,1.163311502,0
0.312805882,0.433,0.059758596,0.244455714,-0.232471457,-1.174702511,1
0.354893048,0.38,0.052689665,0.229542295,-0.186020629,-0.542858848,1
0.141891979,0.16,0.022415527,0.149718157,2.387969339,10.24786896,0
0.237818717,0.273,0.044578387,0.211135945,0.853952399,1.41886497,0
0.29285508,0.335,0.047790238,0.218609785,0.356533845,0.17552699,1
0.170735294,0.193,0.027128323,0.164706779,1.949158295,7.148419372,1
0.326479679,0.39,0.071436379,0.267275848,0.054333171,-0.999960501,1
0.151449733,0.12,0.024624005,0.156920378,3.173371508,12.9500707,0
0.321386096,0,0.119169354,0.345209145,0.321496263,-1.559576527,1
0.438207487,0.653,0.126650507,0.355879905,-0.290304151,-1.727871888,1
0.249075401,0.29,0.041695436,0.204194604,0.634293491,0.940187637,0
0.20165615,0.194,0.023420012,0.153035983,1.990547087,7.771885812,1
0.083394278,0.0647,0.019309088,0.138957144,4.325686646,22.98667155,1
0.092691979,0.0486,0.020773475,0.144130062,4.310736352,21.26526045,0
0.099217112,0.0928,0.018865609,0.137352134,3.528089316,19.62799796,1
0.098571658,0.0837,0.020237553,0.142258752,3.665685454,17.98777019,1
0.105924599,0.0829,0.022281427,0.149269646,3.525964157,16.29517221,0
0.304801604,0.422,0.049875383,0.223327973,-0.163272199,-0.585943611,1
0.10035893,0.0819,0.021066314,0.145142391,3.788783467,18.17923863,0
0.307147059,0.389,0.044409395,0.210735367,-0.153692071,-0.140251871,1
0.099233155,0.0989,0.023761335,0.154147121,4.188371178,20.79550693,1
0.127472193,0.138,0.018621068,0.136459035,2.928991765,15.14865227,1
0.388675401,0.445,0.039929038,0.199822517,-0.657144708,1.112618126,0
0.202542888,0.231,0.028522129,0.168884957,2.244803552,8.446582368,1
0.141485561,0.138,0.023729904,0.154045136,2.704013937,10.72985749,0
0.292785561,0,0.121395628,0.348418753,0.414993006,-1.737029785,1
0.284005348,0.371,0.051437802,0.226799035,0.108117061,-0.349930031,1
0.161120267,0.199,0.023574043,0.153538407,2.086723838,9.115605113,1
0.067120856,0,0.021828615,0.147745103,4.411001407,22.40278912,1
0.286280749,0.324,0.047585532,0.218141083,0.253230734,0.031786633,0
0.107205428,0.0486,0.02677234,0.163622553,2.980869161,11.44689649,1
0.06881508,0,0.028242454,0.168054913,3.791409968,15.72396364,1
0.112851818,0.0919,0.0244837,0.156472681,3.577804767,15.34170906,0
0.153019251,0.196,0.025754723,0.16048278,1.883055072,7.245620386,0
0.169259893,0.202,0.024127772,0.155331168,1.705568407,7.341024877,1
0.108275187,0.067,0.025539342,0.15981033,3.390705445,14.22835731,1
0.104137433,0.0916,0.021478782,0.146556413,3.437817146,16.2092407,0
0.115578877,0.0749,0.027623152,0.166202143,2.965887567,11.10885086,1
0.174602674,0.236,0.033477427,0.182968377,1.020943438,2.141079347,0
0.170847433,0.113,0.030404955,0.174370167,2.62646199,7.615610533,0
0.113987326,0.0704,0.028388111,0.168487717,3.217038346,11.86963142,1
0.086710267,0.0504,0.017772423,0.133313252,4.634814918,25.37839258,0
0.211096791,0,0.10725685,0.327500915,1.066573346,-0.539379497,1
0.326652406,0,0.140690195,0.375086916,0.351486501,-1.766508742,1
0.262717112,0.304,0.030996609,0.176058538,0.283462184,1.528573382,0
0.143825134,0.147,0.018370934,0.135539418,2.924068055,15.96610332,1
0.218495722,0.266,0.049536129,0.222567134,0.776104945,0.730249332,1
0.089686631,0,0.018788057,0.137069532,3.320935848,18.76846639,1
0.134196791,0.12,0.028206353,0.16794747,2.188888273,7.308489132,0
0.206246524,0,0.055988873,0.23661968,0.779671527,-0.218056165,0
0.190943316,0,0.058876892,0.242645609,1.031240594,0.220407164,1
0.082852406,0.0502,0.016783056,0.129549434,4.125367365,23.9186035,1
0.199139037,0.221,0.046020612,0.214524152,0.731644305,0.304702502,1
0.221362567,0,0.079688185,0.282290959,0.81858837,-0.774258479,1
0.162881658,0.112,0.021054565,0.145101911,2.906266042,10.23732737,0
0.14270107,0.14,0.028964393,0.170189287,2.92098595,11.3691174,1
0.15668984,0.17,0.03025644,0.173943784,2.452427002,8.668437539,1
0.319572193,0.462,0.103784683,0.322156303,0.114430264,-1.791399663,1
0.087963048,0.0613,0.024181795,0.155504966,3.969161257,17.8114647,0
0.230138182,0,0.077406703,0.278220601,0.614812577,-1.04258259,1
0.123187166,0.132,0.02041553,0.142882923,3.041049939,14.79455589,1
0.182224064,0.166,0.025025817,0.158195503,2.453033599,9.987657515,0
0.153771123,0.168,0.025938179,0.161053341,2.529096964,10.61815125,1
0.136726738,0.168,0.023577975,0.153551212,2.683542446,11.8289126,1
0.062797433,0,0.021048518,0.145081075,4.393947767,23.49966041,1
0.128565775,0.13,0.023975021,0.154838693,2.069528169,7.62083531,0
0.405716578,0.558,0.115381091,0.339677922,-0.162497324,-1.656930284,1
0.261849465,0.285,0.044756522,0.211557373,0.711493455,0.950142047,0
0.159729412,0.169,0.024439009,0.156329808,2.32934565,9.122782156,1
0.20957754,0,0.112164022,0.334908976,1.049277585,-0.793316024,1
0.283625134,0.32,0.048714386,0.220713356,0.446820039,0.36068709,0
0.185741711,0.188,0.030867696,0.17569205,2.190563579,7.362682985,1
0.127713904,0,0.028784253,0.169659225,1.907959531,5.792882939,1
0.076613476,0.0415,0.018889332,0.137438465,4.47548073,24.58623687,1
0.245758289,0.285,0.041531381,0.203792496,0.570196158,0.779683553,0
0.213100374,0.191,0.020653744,0.143714105,2.102293653,8.960705725,1
0.255086096,0.285,0.031766361,0.178231201,0.515542778,1.847938244,0
0.090957754,0.069,0.018080877,0.134465153,3.610804737,19.58617442,1
0.194605882,0.256,0.040753825,0.201875766,0.836110359,1.260122781,1
0.347712834,0.521,0.107433039,0.327769796,0.031408118,-1.695255795,1
0.118790909,0,0.030934456,0.175881937,2.35627321,8.014082751,1
0.085982353,0,0.033647767,0.183433276,2.987516375,9.941634336,1
0.070945508,0.0553,0.023148105,0.152145012,4.815825103,23.69818841,1
0.264439037,0,0.130802422,0.361666175,0.700819089,-1.407616878,1
0.20083369,0.227,0.032596108,0.180543923,0.931156941,2.468572917,1
0.168903743,0.155,0.035886921,0.189438436,0.947367262,1.129243645,1
0.248127273,0.272,0.042672971,0.206574372,0.660320312,0.789743151,0
0.104841283,0.0378,0.030642294,0.175049406,3.11711175,11.11572037,1
0.101649947,0.077,0.017903628,0.133804441,4.313098301,23.52451436,0
0.258163529,0.369,0.065808013,0.256530726,0.205808013,-1.300811269,1
0.156568984,0,0.059649964,0.244233421,1.324745531,0.873037838,1
0.161303262,0.21,0.030799177,0.175496943,1.335545202,3.860163398,0
0.130179144,0,0.0301859,0.173740898,1.936807585,5.538612374,0
0.184941176,0.2,0.037716098,0.194206329,0.942111299,1.362138567,1
0.112254545,0.109,0.019428316,0.139385494,3.59089282,18.03407074,1
0.110027807,0.112,0.021524397,0.146711952,3.024064162,14.00392988,1
0.113953476,0.0981,0.020100905,0.141777661,3.248416298,15.22147948,1
0.20708877,0.284,0.039323473,0.19830147,0.753355799,1.342803735,1
0.094776043,0.0204,0.037905221,0.194692632,3.236256335,10.21126064,1
0.287616578,0.362,0.052293253,0.228677182,0.135362588,-0.330250987,0
0.098710695,0.104,0.019455537,0.139483105,3.354978049,18.06117422,1
0.16197861,0.163,0.04081881,0.202036655,2.032911373,5.154720661,1
0.057281818,0,0.018144611,0.134701934,4.763551786,27.25716801,1
0.153742246,0.175,0.023689636,0.153914379,2.161402317,8.464888614,1
0.101453476,0.0818,0.017986784,0.134114815,3.847652915,20.77204016,1
0.184586096,0.219,0.03538638,0.188112679,1.022842468,1.964724868,0
0.20922893,0.241,0.041543622,0.203822526,1.051454346,1.649674955,0
0.358171123,0.537,0.109754933,0.331292821,0.00971257,-1.667058701,1
0.131898396,0.0713,0.0361267,0.190070249,2.448451171,7.023460043,1
0.083930642,0.0608,0.018799742,0.13711215,4.603639962,25.04408347,1
0.235141711,0.273,0.048018307,0.2191308,0.535083366,0.000247572,1
0.225120856,0.195,0.045702597,0.213781658,0.498812582,-0.239745687,1
0.259630481,0.349,0.060735803,0.246446348,0.340355547,-0.798518987,1
0.112547754,0.0718,0.026292807,0.162150569,3.006268776,11.33235304,1
0.170216043,0.128,0.039395208,0.19848226,1.781845978,3.470171419,1
0.120525936,0.135,0.022762994,0.150874101,3.030229594,13.62784754,0
0.190356684,0.27,0.0426954,0.206628652,1.033756732,1.838400047,1
0.313033155,0,0.115799787,0.340293678,0.281534157,-1.692782404,1
0.087859278,0.0466,0.019829808,0.140818351,4.31446326,23.26192736,0
0.202731604,0.184,0.020295154,0.142461062,2.016659621,8.576604172,1
0.27709385,0.315,0.041480605,0.203667879,0.415825633,0.546098539,1
0.090184492,0.0545,0.019476365,0.13955775,3.821690473,19.84971758,1
0.144558824,0,0.05265778,0.22947283,1.866576542,2.963083588,1
0.320495722,0.394,0.050575627,0.224890256,-0.298814249,-0.790335683,1
0.090611337,0.0532,0.022266937,0.149221102,3.949557938,19.12429004,1
0.454625134,0.493,0.030138938,0.173605696,-1.47093634,2.930525375,1
0.170826203,0.179,0.037084722,0.19257394,1.242928048,2.651157331,1
0.182877005,0.245,0.042510161,0.206179925,1.287948411,2.751868418,1
0.128352941,0.104,0.024537631,0.15664492,2.643702323,11.02164506,1
0.129435294,0.113,0.01938717,0.139237819,3.020101954,14.32593981,1
0.170644385,0.177,0.027832511,0.166830786,2.143169155,8.03745833,0
0.087458342,0.0406,0.024773401,0.157395683,3.957333935,17.29682042,1
0.091080631,0.0682,0.017830567,0.133531147,4.704305,26.20940222,0
0.232351872,0.309,0.045914837,0.214277476,0.442527006,-0.213119678,1
0.081915561,0,0.023984906,0.154870611,2.54043998,8.659508494,1
0.262135829,0.347,0.046612627,0.215899577,0.405122665,0.618780818,1
0.174342781,0.205,0.030156014,0.173654871,1.283803453,3.77311407,0
0.265066845,0.32,0.045372992,0.21300937,0.463192169,0.638298631,0
0.148858289,0.157,0.03687908,0.192039267,2.387750968,6.853695026,1
0.164052086,0.156,0.024612428,0.156883487,2.593016191,10.83905624,0
0.154350267,0.136,0.032938759,0.181490382,2.105704232,6.390290273,1
0.171481283,0.21,0.026246784,0.162008594,1.721593701,6.684440404,0
0.289674866,0,0.109229513,0.330498885,0.490022544,-1.308933443,1
0.278834225,0,0.089866106,0.299776761,0.295739766,-1.555577915,1
0.154149733,0.112,0.024025649,0.155002094,3.194217504,12.7477706,0
0.208719786,0,0.070694004,0.26588344,0.893622842,-0.3191757,1
0.333465241,0,0.130238687,0.360885975,0.243209323,-1.820266066,1
0.19221123,0.226,0.0333457,0.18260805,1.216512155,3.456367228,1
0.126398289,0,0.03592185,0.189530606,1.850016492,3.891920402,1
0.108029947,0.12,0.020527067,0.143272703,2.891500018,14.63783282,1
0.088359679,0.0673,0.019985042,0.141368462,4.630900921,24.88381947,1
0.273868984,0.389,0.071683572,0.26773788,0.187880516,-1.348481956,1
0.225582888,0.277,0.05546035,0.235500212,0.715672321,0.058425789,1
0.107592914,0.0927,0.020597894,0.143519665,4.097183168,20.39051465,0
0.156483316,0.108,0.020907981,0.144595922,2.996763697,12.44101608,0
0.112180107,0.0901,0.023067512,0.151879925,2.97548747,13.1228627,1
0.193304813,0,0.048295998,0.219763505,0.909636611,0.714984594,1
0.098239733,0.0644,0.022291575,0.149303633,3.506453882,15.71122998,1
0.114091497,0,0.046322815,0.215227357,2.110777892,4.10692782,1
0.148335829,0.142,0.027510515,0.16586294,2.602353462,9.909939127,0
0.129651872,0.111,0.026850079,0.163859938,3.14986984,12.25443629,0
